,avgsal,totrain,grant,employ,sales,union,year
avgsal,1.0,0.005261630714198185,0.01946825300801878,-0.01937761576299067,0.1487151358333084,-0.00824226113613609,0.13081606760007142
totrain,0.005261630714198185,1.0,0.2165319885287329,0.704036787984121,0.6261470557079866,0.14360016953871693,0.15398212734028546
grant,0.01946825300801878,0.2165319885287329,1.0,0.03858131165540894,0.03214363928507016,0.03901877712860385,0.17390909977008517
employ,-0.01937761576299067,0.704036787984121,0.03858131165540894,1.0,0.7825747448533201,0.2775051084174817,0.0591300198714194
sales,0.1487151358333084,0.6261470557079866,0.03214363928507016,0.7825747448533201,1.0,0.31420633369898937,0.08156235634659119
union,-0.00824226113613609,0.14360016953871693,0.03901877712860385,0.2775051084174817,0.31420633369898937,1.0,-0.0036417839045729495
year,0.13081606760007142,0.15398212734028546,0.17390909977008517,0.0591300198714194,0.08156235634659119,-0.0036417839045729495,1.0
