,avgsal,totrain,grant,employ,sales,union,year
count,341.0,341.0,341.0,341.0,341.0,341.0,341.0
mean,18854.891495601172,25.04985337243402,0.1348973607038123,57.34310850439883,6263791.604105572,0.21994134897360704,1988.032258064516
std,6883.526322482527,47.31459644489365,0.3421159134821406,62.88600462239276,8203498.32000098,0.4148153339207966,0.816457846774573
min,4237.0,0.0,0.0,4.0,110000.0,0.0,1987.0
25%,14110.0,1.0,0.0,15.0,1527000.0,0.0,1987.0
50%,17500.0,8.0,0.0,30.0,2900000.0,0.0,1988.0
75%,22000.0,25.0,0.0,74.0,8000000.0,0.0,1989.0
max,42583.0,350.0,1.0,350.0,54000000.0,1.0,1989.0
